{
  "project_name": "My Awesome Project",
  "project_slug": "{{ cookiecutter.project_name.lower()|replace(' ', '_')|replace('-', '_')|replace('.', '_')|trim() }}",
  "description": "Behold My Awesome Project!",
  "author_name": "Daniel Roy Greenfeld",
  "domain_name": "example.com",
  "email": "{{ cookiecutter.author_name.lower()|replace(' ', '-') }}@example.com",
  "version": "0.1.0",
  "open_source_license": [
    "MIT",
    "BSD",
    "GPLv3",
    "Apache Software License 2.0",
    "Not open source"
  ],
  "timezone": "UTC",
  "windows": "n",
  "use_pycharm": "n",
  "use_docker": "n",
  "django_port": "8000",
  "postgresql_version": [
    "14",
    "13",
    "12",
    "11",
    "10"
  ],
  "cloud_provider": [
    "AWS",
    "GCP",
    "Azure",
    "None"
  ],
  "mail_service": [
    "Mailgun",
    "Amazon SES",
    "Mailjet",
    "Mandrill",
    "Postmark",
    "Sendgrid",
    "SendinBlue",
    "SparkPost",
    "Other SMTP"
  ],
  "use_async": "n",
  "use_drf": "n",
  "frontend_pipeline": [
    "None",
    "Django Compressor",
    "Gulp"
  ],
  "use_celery": "n",
  "use_mailhog": "n",
  "use_sentry": "n",
  "use_whitenoise": "n",
  "use_heroku": "n",
  "ci_tool": [
    "None",
    "Travis",
    "Gitlab",
    "Github"
  ],
  "keep_local_envs_in_vcs": "y",
  "debug": "n",
  "include_custom_app": "n",
  "custom_app_name": "core"
}
