[
  {
    "name": "Daniel Roy Greenfeld",
    "github_login": "pydanny",
    "twitter_username": "pydanny",
    "is_core": true
  },
  {
    "name": "Audrey Roy Greenfeld",
    "github_login": "audreyr",
    "twitter_username": "audreyr",
    "is_core": true
  },
  {
    "name": "Fábio C. Barrionuevo da Luz",
    "github_login": "luzfcb",
    "twitter_username": "luzfcb",
    "is_core": true
  },
  {
    "name": "Saurabh Kumar",
    "github_login": "theskumar",
    "twitter_username": "_theskumar",
    "is_core": true
  },
  {
    "name": "Jannis Gebauer",
    "github_login": "jayfk",
    "twitter_username": "",
    "is_core": true
  },
  {
    "name": "Burhan Khalid",
    "github_login": "burhan",
    "twitter_username": "burhan",
    "is_core": true
  },
  {
    "name": "Shupeyko Nikita",
    "github_login": "webyneter",
    "twitter_username": "webyneter",
    "is_core": true
  },
  {
    "name": "Bruno Alla",
    "github_login": "browniebroke",
    "twitter_username": "_BrunoAlla",
    "is_core": true
  },
  {
    "name": "Wan Liuyang",
    "github_login": "sfdye",
    "twitter_username": "sfdye",
    "is_core": true
  },
  {
    "name": "18",
    "github_login": "dezoito",
    "twitter_username": ""
  },
  {
    "name": "2O4",
    "github_login": "2O4",
    "twitter_username": ""
  },
  {
    "name": "a7p",
    "github_login": "a7p",
    "twitter_username": ""
  },
  {
    "name": "Aadith PM",
    "github_login": "aadithpm",
    "twitter_username": ""
  },
  {
    "name": "Aaron Eikenberry",
    "github_login": "aeikenberry",
    "twitter_username": ""
  },
  {
    "name": "Adam Bogdał",
    "github_login": "bogdal",
    "twitter_username": ""
  },
  {
    "name": "Adam Dobrawy",
    "github_login": "ad-m",
    "twitter_username": ""
  },
  {
    "name": "Adam Steele",
    "github_login": "adammsteele",
    "twitter_username": ""
  },
  {
    "name": "Agam Dua",
    "github_login": "",
    "twitter_username": ""
  },
  {
    "name": "Agustín Scaramuzza",
    "github_login": "scaramagus",
    "twitter_username": "scaramagus"
  },
  {
    "name": "Alberto Sanchez",
    "github_login": "alb3rto",
    "twitter_username": ""
  },
  {
    "name": "Alex Tsai",
    "github_login": "caffodian",
    "twitter_username": ""
  },
  {
    "name": "Alvaro [Andor]",
    "github_login": "andor-pierdelacabeza",
    "twitter_username": ""
  },
  {
    "name": "Amjith Ramanujam",
    "github_login": "amjith",
    "twitter_username": ""
  },
  {
    "name": "Andreas Meistad",
    "github_login": "ameistad",
    "twitter_username": ""
  },
  {
    "name": "Andres Gonzalez",
    "github_login": "andresgz",
    "twitter_username": ""
  },
  {
    "name": "Andrew Mikhnevich",
    "github_login": "zcho",
    "twitter_username": ""
  },
  {
    "name": "Andrew Chen Wang",
    "github_login": "Andrew-Chen-Wang",
    "twitter_username": ""
  },
  {
    "name": "Andy Rose",
    "github_login": "",
    "twitter_username": ""
  },
  {
    "name": "Anna Callahan",
    "github_login": "jazztpt",
    "twitter_username": ""
  },
  {
    "name": "Anna Sidwell",
    "github_login": "takkaria",
    "twitter_username": ""
  },
  {
    "name": "Antonia Blair",
    "github_login": "antoniablair",
    "twitter_username": "antoniablairart"
  },
  {
    "name": "Anuj Bansal",
    "github_login": "ahhda",
    "twitter_username": ""
  },
  {
    "name": "Arcuri Davide",
    "github_login": "dadokkio",
    "twitter_username": ""
  },
  {
    "name": "Areski Belaid",
    "github_login": "areski",
    "twitter_username": ""
  },
  {
    "name": "AsheKR",
    "github_login": "ashekr",
    "twitter_username": ""
  },
  {
    "name": "Ashley Camba",
    "github_login": "",
    "twitter_username": ""
  },
  {
    "name": "Barclay Gauld",
    "github_login": "yunti",
    "twitter_username": ""
  },
  {
    "name": "Bartek",
    "github_login": "btknu",
    "twitter_username": ""
  },
  {
    "name": "Ben Lopatin",
    "github_login": "",
    "twitter_username": ""
  },
  {
    "name": "Ben Warren",
    "github_login": "bwarren2",
    "twitter_username": ""
  },
  {
    "name": "Benjamin Abel",
    "github_login": "",
    "twitter_username": ""
  },
  {
    "name": "Bert de Miranda",
    "github_login": "bertdemiranda",
    "twitter_username": ""
  },
  {
    "name": "Bo Lopker",
    "github_login": "blopker",
    "twitter_username": ""
  },
  {
    "name": "Bo Peng",
    "github_login": "BoPeng",
    "twitter_username": ""
  },
  {
    "name": "Bouke Haarsma",
    "github_login": "",
    "twitter_username": ""
  },
  {
    "name": "Brent Payne",
    "github_login": "brentpayne",
    "twitter_username": "brentpayne"
  },
  {
    "name": "Bruce Olivier",
    "github_login": "bolivierjr",
    "twitter_username": ""
  },
  {
    "name": "Caio Ariede",
    "github_login": "caioariede",
    "twitter_username": "caioariede"
  },
  {
    "name": "Carl Johnson",
    "github_login": "carlmjohnson",
    "twitter_username": "carlmjohnson"
  },
  {
    "name": "Catherine Devlin",
    "github_login": "catherinedevlin",
    "twitter_username": ""
  },
  {
    "name": "Cédric Gaspoz",
    "github_login": "cgaspoz",
    "twitter_username": ""
  },
  {
    "name": "Charlie Smith",
    "github_login": "chuckus",
    "twitter_username": ""
  },
  {
    "name": "Chris Curvey",
    "github_login": "ccurvey",
    "twitter_username": ""
  },
  {
    "name": "Chris Franklin",
    "github_login": "",
    "twitter_username": ""
  },
  {
    "name": "Chris Franklin",
    "github_login": "hairychris",
    "twitter_username": ""
  },
  {
    "name": "Chris Pappalardo",
    "github_login": "ChrisPappalardo",
    "twitter_username": ""
  },
  {
    "name": "Christopher Clarke",
    "github_login": "chrisdev",
    "twitter_username": ""
  },
  {
    "name": "Cole Mackenzie",
    "github_login": "cmackenzie1",
    "twitter_username": ""
  },
  {
    "name": "Cole Maclean",
    "github_login": "cole",
    "twitter_username": "cole"
  },
  {
    "name": "Collederas",
    "github_login": "Collederas",
    "twitter_username": ""
  },
  {
    "name": "Craig Margieson",
    "github_login": "cmargieson",
    "twitter_username": ""
  },
  {
    "name": "Cristian Vargas",
    "github_login": "cdvv7788",
    "twitter_username": ""
  },
  {
    "name": "Cullen Rhodes",
    "github_login": "c-rhodes",
    "twitter_username": ""
  },
  {
    "name": "Curtis St Pierre",
    "github_login": "curtisstpierre",
    "twitter_username": "cstpierre1388"
  },
  {
    "name": "Dan Shultz",
    "github_login": "shultz",
    "twitter_username": ""
  },
  {
    "name": "Dani Hodovic",
    "github_login": "danihodovic",
    "twitter_username": ""
  },
  {
    "name": "Daniel Hepper",
    "github_login": "dhepper",
    "twitter_username": "danielhepper"
  },
  {
    "name": "Daniel Hillier",
    "github_login": "danifus",
    "twitter_username": ""
  },
  {
    "name": "Daniel Sears",
    "github_login": "highpost",
    "twitter_username": "highpost"
  },
  {
    "name": "Daniele Tricoli",
    "github_login": "eriol",
    "twitter_username": ""
  },
  {
    "name": "David Díaz",
    "github_login": "ddiazpinto",
    "twitter_username": "DavidDiazPinto"
  },
  {
    "name": "Davit Tovmasyan",
    "github_login": "davitovmasyan",
    "twitter_username": ""
  },
  {
    "name": "Davur Clementsen",
    "github_login": "dsclementsen",
    "twitter_username": "davur"
  },
  {
    "name": "Delio Castillo",
    "github_login": "jangeador",
    "twitter_username": "jangeador"
  },
  {
    "name": "Demetris Stavrou",
    "github_login": "demestav",
    "twitter_username": ""
  },
  {
    "name": "Denis Bobrov",
    "github_login": "delneg",
    "twitter_username": ""
  },
  {
    "name": "Denis Orehovsky",
    "github_login": "apirobot",
    "twitter_username": ""
  },
  {
    "name": "Denis Savran",
    "github_login": "blaxpy",
    "twitter_username": ""
  },
  {
    "name": "Diane Chen",
    "github_login": "purplediane",
    "twitter_username": "purplediane88"
  },
  {
    "name": "Dónal Adams",
    "github_login": "epileptic-fish",
    "twitter_username": ""
  },
  {
    "name": "Dong Huynh",
    "github_login": "trungdong",
    "twitter_username": ""
  },
  {
    "name": "Duda Nogueira",
    "github_login": "dudanogueira",
    "twitter_username": "dudanogueira"
  },
  {
    "name": "Emanuel Calso",
    "github_login": "bloodpet",
    "twitter_username": "bloodpet"
  },
  {
    "name": "Eraldo Energy",
    "github_login": "eraldo",
    "twitter_username": ""
  },
  {
    "name": "Eric Groom",
    "github_login": "ericgroom",
    "twitter_username": ""
  },
  {
    "name": "Ernesto Cedeno",
    "github_login": "codnee",
    "twitter_username": ""
  },
  {
    "name": "Eyad Al Sibai",
    "github_login": "eyadsibai",
    "twitter_username": ""
  },
  {
    "name": "Felipe Arruda",
    "github_login": "arruda",
    "twitter_username": ""
  },
  {
    "name": "Florian Idelberger",
    "github_login": "step21",
    "twitter_username": "windrush"
  },
  {
    "name": "Gabriel Mejia",
    "github_login": "elgartoinf",
    "twitter_username": "elgartoinf"
  },
  {
    "name": "Garry Cairns",
    "github_login": "garry-cairns",
    "twitter_username": ""
  },
  {
    "name": "Garry Polley",
    "github_login": "garrypolley",
    "twitter_username": ""
  },
  {
    "name": "Gilbishkosma",
    "github_login": "Gilbishkosma",
    "twitter_username": ""
  },
  {
    "name": "Glenn Wiskur",
    "github_login": "gwiskur",
    "twitter_username": ""
  },
  {
    "name": "Guilherme Guy",
    "github_login": "guilherme1guy",
    "twitter_username": ""
  },
  {
    "name": "Hamish Durkin",
    "github_login": "durkode",
    "twitter_username": ""
  },
  {
    "name": "Hana Quadara",
    "github_login": "hanaquadara",
    "twitter_username": ""
  },
  {
    "name": "Hannah Lazarus",
    "github_login": "hanhanhan",
    "twitter_username": ""
  },
  {
    "name": "Harry Moreno",
    "github_login": "morenoh149",
    "twitter_username": "morenoh149"
  },
  {
    "name": "Harry Percival",
    "github_login": "hjwp",
    "twitter_username": ""
  },
  {
    "name": "Hendrik Schneider",
    "github_login": "hendrikschneider",
    "twitter_username": ""
  },
  {
    "name": "Henrique G. G. Pereira",
    "github_login": "ikkebr",
    "twitter_username": ""
  },
  {
    "name": "Howie Zhao",
    "github_login": "howiezhao",
    "twitter_username": ""
  },
  {
    "name": "Ian Lee",
    "github_login": "IanLee1521",
    "twitter_username": ""
  },
  {
    "name": "Irfan Ahmad",
    "github_login": "erfaan",
    "twitter_username": "erfaan"
  },
  {
    "name": "Isaac12x",
    "github_login": "Isaac12x",
    "twitter_username": ""
  },
  {
    "name": "Ivan Khomutov",
    "github_login": "ikhomutov",
    "twitter_username": ""
  },
  {
    "name": "James Williams",
    "github_login": "jameswilliams1",
    "twitter_username": ""
  },
  {
    "name": "Jan Van Bruggen",
    "github_login": "jvanbrug",
    "twitter_username": ""
  },
  {
    "name": "Jelmer Draaijer",
    "github_login": "foarsitter",
    "twitter_username": ""
  },
  {
    "name": "Jerome Caisip",
    "github_login": "jeromecaisip",
    "twitter_username": ""
  },
  {
    "name": "Jens Nilsson",
    "github_login": "phiberjenz",
    "twitter_username": ""
  },
  {
    "name": "Jerome Leclanche",
    "github_login": "jleclanche",
    "twitter_username": "Adys"
  },
  {
    "name": "Jimmy Gitonga",
    "github_login": "Afrowave",
    "twitter_username": "afrowave"
  },
  {
    "name": "John Cass",
    "github_login": "jcass77",
    "twitter_username": "cass_john"
  },
  {
    "name": "Jonathan Thompson",
    "github_login": "nojanath",
    "twitter_username": ""
  },
  {
    "name": "Jules Cheron",
    "github_login": "jules-ch",
    "twitter_username": ""
  },
  {
    "name": "Julien Almarcha",
    "github_login": "sladinji",
    "twitter_username": ""
  },
  {
    "name": "Julio Castillo",
    "github_login": "juliocc",
    "twitter_username": ""
  },
  {
    "name": "Kaido Kert",
    "github_login": "kaidokert",
    "twitter_username": ""
  },
  {
    "name": "kappataumu",
    "github_login": "kappataumu",
    "twitter_username": "kappataumu"
  },
  {
    "name": "Kaveh",
    "github_login": "ka7eh",
    "twitter_username": ""
  },
  {
    "name": "Keith Bailey",
    "github_login": "keithjeb",
    "twitter_username": ""
  },
  {
    "name": "Keith Webber",
    "github_login": "townie",
    "twitter_username": ""
  },
  {
    "name": "Kevin A. Stone",
    "github_login": "",
    "twitter_username": ""
  },
  {
    "name": "Kevin Ndung'u",
    "github_login": "kevgathuku",
    "twitter_username": ""
  },
  {
    "name": "Keyvan Mosharraf",
    "github_login": "keyvanm",
    "twitter_username": ""
  },
  {
    "name": "Krzysztof Szumny",
    "github_login": "noisy",
    "twitter_username": ""
  },
  {
    "name": "Krzysztof Żuraw",
    "github_login": "krzysztofzuraw",
    "twitter_username": ""
  },
  {
    "name": "Leo won",
    "github_login": "leollon",
    "twitter_username": ""
  },
  {
    "name": "Leo Zhou",
    "github_login": "glasslion",
    "twitter_username": ""
  },
  {
    "name": "Leon Kim",
    "github_login": "PilhwanKim",
    "twitter_username": ""
  },
  {
    "name": "Leonardo Jimenez",
    "github_login": "xpostudio4",
    "twitter_username": ""
  },
  {
    "name": "Lin Xianyi",
    "github_login": "iynaix",
    "twitter_username": ""
  },
  {
    "name": "Luis Nell",
    "github_login": "originell",
    "twitter_username": ""
  },
  {
    "name": "Lukas Klein",
    "github_login": "",
    "twitter_username": ""
  },
  {
    "name": "Lyla Fischer",
    "github_login": "",
    "twitter_username": ""
  },
  {
    "name": "Malik Sulaimanov",
    "github_login": "flyudvik",
    "twitter_username": "flyudvik"
  },
  {
    "name": "Martin Blech",
    "github_login": "",
    "twitter_username": ""
  },
  {
    "name": "Martin Saizar",
    "github_login": "msaizar",
    "twitter_username": ""
  },
  {
    "name": "Mateusz Ostaszewski",
    "github_login": "mostaszewski",
    "twitter_username": ""
  },
  {
    "name": "Mathijs Hoogland",
    "github_login": "MathijsHoogland",
    "twitter_username": ""
  },
  {
    "name": "Matt Braymer-Hayes",
    "github_login": "mattayes",
    "twitter_username": "mattayes"
  },
  {
    "name": "Matt Knapper",
    "github_login": "mknapper1",
    "twitter_username": ""
  },
  {
    "name": "Matt Linares",
    "github_login": "",
    "twitter_username": ""
  },
  {
    "name": "Matt Menzenski",
    "github_login": "menzenski",
    "twitter_username": ""
  },
  {
    "name": "Matt Warren",
    "github_login": "mfwarren",
    "twitter_username": ""
  },
  {
    "name": "Matthew Sisley",
    "github_login": "mjsisley",
    "twitter_username": ""
  },
  {
    "name": "Matthias Sieber",
    "github_login": "manonthemat",
    "twitter_username": "MatzeOne"
  },
  {
    "name": "Meghan Heintz",
    "github_login": "dot2dotseurat",
    "twitter_username": ""
  },
  {
    "name": "Mesut Yılmaz",
    "github_login": "myilmaz",
    "twitter_username": ""
  },
  {
    "name": "Michael Gecht",
    "github_login": "mimischi",
    "twitter_username": "_mischi"
  },
  {
    "name": "Michael Samoylov",
    "github_login": "msamoylov",
    "twitter_username": ""
  },
  {
    "name": "Min ho Kim",
    "github_login": "minho42",
    "twitter_username": ""
  },
  {
    "name": "mozillazg",
    "github_login": "mozillazg",
    "twitter_username": ""
  },
  {
    "name": "Nico Stefani",
    "github_login": "nicolas471",
    "twitter_username": "moby_dick91"
  },
  {
    "name": "Oleg Russkin",
    "github_login": "rolep",
    "twitter_username": ""
  },
  {
    "name": "Pablo",
    "github_login": "oubiga",
    "twitter_username": ""
  },
  {
    "name": "Parbhat Puri",
    "github_login": "parbhat",
    "twitter_username": ""
  },
  {
    "name": "Pawan Chaurasia",
    "github_login": "rjsnh1522",
    "twitter_username": ""
  },
  {
    "name": "Peter Bittner",
    "github_login": "bittner",
    "twitter_username": ""
  },
  {
    "name": "Peter Coles",
    "github_login": "mrcoles",
    "twitter_username": ""
  },
  {
    "name": "Philipp Matthies",
    "github_login": "canonnervio",
    "twitter_username": ""
  },
  {
    "name": "Pierre Chiquet",
    "github_login": "pchiquet",
    "twitter_username": ""
  },
  {
    "name": "Raony Guimarães Corrêa",
    "github_login": "raonyguimaraes",
    "twitter_username": ""
  },
  {
    "name": "Raphael Pierzina",
    "github_login": "hackebrot",
    "twitter_username": ""
  },
  {
    "name": "Reggie Riser",
    "github_login": "reggieriser",
    "twitter_username": ""
  },
  {
    "name": "René Muhl",
    "github_login": "rm--",
    "twitter_username": ""
  },
  {
    "name": "Richard Hajdu",
    "github_login": "Tusky",
    "twitter_username": ""
  },
  {
    "name": "Roman Afanaskin",
    "github_login": "siauPatrick",
    "twitter_username": ""
  },
  {
    "name": "Roman Osipenko",
    "github_login": "romanosipenko",
    "twitter_username": ""
  },
  {
    "name": "Russell Davies",
    "github_login": "",
    "twitter_username": ""
  },
  {
    "name": "Sam Collins",
    "github_login": "MightySCollins",
    "twitter_username": ""
  },
  {
    "name": "Sascha",
    "github_login": "saschalalala",
    "twitter_username": "saschalalala"
  },
  {
    "name": "Sławek Ehlert",
    "github_login": "slafs",
    "twitter_username": ""
  },
  {
    "name": "Sorasful",
    "github_login": "sorasful",
    "twitter_username": ""
  },
  {
    "name": "Srinivas Nyayapati",
    "github_login": "shireenrao",
    "twitter_username": ""
  },
  {
    "name": "stepmr",
    "github_login": "stepmr",
    "twitter_username": ""
  },
  {
    "name": "Steve Steiner",
    "github_login": "ssteinerX",
    "twitter_username": ""
  },
  {
    "name": "Sudarshan Wadkar",
    "github_login": "wadkar",
    "twitter_username": ""
  },
  {
    "name": "Sule Marshall",
    "github_login": "suledev",
    "twitter_username": ""
  },
  {
    "name": "Tano Abeleyra",
    "github_login": "tanoabeleyra",
    "twitter_username": ""
  },
  {
    "name": "Taylor Baldwin",
    "github_login": "",
    "twitter_username": ""
  },
  {
    "name": "Théo Segonds",
    "github_login": "show0k",
    "twitter_username": ""
  },
  {
    "name": "Tim Claessens",
    "github_login": "timclaessens",
    "twitter_username": ""
  },
  {
    "name": "Tim Freund",
    "github_login": "timfreund",
    "twitter_username": ""
  },
  {
    "name": "Tom Atkins",
    "github_login": "knitatoms",
    "twitter_username": ""
  },
  {
    "name": "Tom Offermann",
    "github_login": "",
    "twitter_username": ""
  },
  {
    "name": "Travis McNeill",
    "github_login": "Travistock",
    "twitter_username": "tavistock_esq"
  },
  {
    "name": "Tubo Shi",
    "github_login": "Tubo",
    "twitter_username": ""
  },
  {
    "name": "Umair Ashraf",
    "github_login": "umrashrf",
    "twitter_username": "fabumair"
  },
  {
    "name": "Vadim Iskuchekov",
    "github_login": "Egregors",
    "twitter_username": "egregors"
  },
  {
    "name": "Vicente G. Reyes",
    "github_login": "reyesvicente",
    "twitter_username": "highcenburg"
  },
  {
    "name": "Vitaly Babiy",
    "github_login": "",
    "twitter_username": ""
  },
  {
    "name": "Vivian Guillen",
    "github_login": "viviangb",
    "twitter_username": ""
  },
  {
    "name": "Vlad Doster",
    "github_login": "vladdoster",
    "twitter_username": ""
  },
  {
    "name": "Will Farley",
    "github_login": "goldhand",
    "twitter_username": "g01dhand"
  },
  {
    "name": "William Archinal",
    "github_login": "archinal",
    "twitter_username": ""
  },
  {
    "name": "Xaver Y.R. Chen",
    "github_login": "yrchen",
    "twitter_username": "yrchen"
  },
  {
    "name": "Yaroslav Halchenko",
    "github_login": "",
    "twitter_username": ""
  },
  {
    "name": "Yuchen Xie",
    "github_login": "mapx",
    "twitter_username": ""
  },
  {
    "name": "enchance",
    "github_login": "enchance",
    "twitter_username": ""
  },
  {
    "name": "Jan Fabry",
    "github_login": "janfabry",
    "twitter_username": ""
  },
  {
    "name": "Corey Garvey",
    "github_login": "coreygarvey",
    "twitter_username": ""
  },
  {
    "name": "Arnav Choudhury",
    "github_login": "arnav13081994",
    "twitter_username": ""
  },
  {
    "name": "Wes Turner",
    "github_login": "westurner",
    "twitter_username": "westurner"
  },
  {
    "name": "Jakub Musko",
    "github_login": "umgelurgel",
    "twitter_username": ""
  },
  {
    "name": "Fabian Affolter",
    "github_login": "fabaff",
    "twitter_username": "fabaff"
  },
  {
    "name": "Simon Rey",
    "github_login": "eqqe",
    "twitter_username": ""
  },
  {
    "name": "Yotam Tal",
    "github_login": "yotamtal",
    "twitter_username": ""
  },
  {
    "name": "John",
    "github_login": "thorrak",
    "twitter_username": ""
  },
  {
    "name": "vascop",
    "github_login": "vascop",
    "twitter_username": ""
  },
  {
    "name": "PJ Hoberman",
    "github_login": "pjhoberman",
    "twitter_username": ""
  },
  {
    "name": "lcd1232",
    "github_login": "lcd1232",
    "twitter_username": ""
  },
  {
    "name": "Tames McTigue",
    "github_login": "Tamerz",
    "twitter_username": ""
  },
  {
    "name": "Ray Besiga",
    "github_login": "raybesiga",
    "twitter_username": "raybesiga"
  },
  {
    "name": "Grant McLean",
    "github_login": "grantm",
    "twitter_username": "grantmnz"
  },
  {
    "name": "Kuo Chao Cheng",
    "github_login": "wwwtony5488",
    "twitter_username": ""
  },
  {
    "name": "LECbg",
    "github_login": "LECbg",
    "twitter_username": ""
  },
  {
    "name": "Haseeb ur Rehman",
    "github_login": "professorhaseeb",
    "twitter_username": "professorhaseeb"
  },
  {
    "name": "Abdul Qoyyuum",
    "github_login": "Qoyyuum",
    "twitter_username": "Qoyyuum"
  },
  {
    "name": "mfosterw",
    "github_login": "mfosterw",
    "twitter_username": ""
  },
  {
    "name": "Keith Callenberg",
    "github_login": "keithcallenberg",
    "twitter_username": ""
  },
  {
    "name": "Mike97M",
    "github_login": "Mike97M",
    "twitter_username": ""
  },
  {
    "name": "Charlie Macfarlane Brodie",
    "github_login": "tannart",
    "twitter_username": ""
  },
  {
    "name": "Floyd Hightower",
    "github_login": "fhightower",
    "twitter_username": ""
  },
  {
    "name": "Manjit Pardeshi",
    "github_login": "Manjit2003",
    "twitter_username": ""
  },
  {
    "name": "Meraj ",
    "github_login": "ichbinmeraj",
    "twitter_username": "merajsafari"
  },
  {
    "name": "dalrrard",
    "github_login": "dalrrard",
    "twitter_username": ""
  },
  {
    "name": "Liam Brenner",
    "github_login": "SableWalnut",
    "twitter_username": ""
  },
  {
    "name": "Noah H",
    "github_login": "nthall",
    "twitter_username": ""
  },
  {
    "name": "Diego Montes",
    "github_login": "d57montes",
    "twitter_username": ""
  },
  {
    "name": "Chao Yang Wu",
    "github_login": "goatwu1993",
    "twitter_username": ""
  },
  {
    "name": "mpoli",
    "github_login": "mpoli",
    "twitter_username": ""
  },
  {
    "name": "Zach Borboa",
    "github_login": "zachborboa",
    "twitter_username": ""
  },
  {
    "name": "Timm Simpkins",
    "github_login": "PoDuck",
    "twitter_username": ""
  },
  {
    "name": "Douglas",
    "github_login": "douglascdev",
    "twitter_username": ""
  },
  {
    "name": "Will Gordon",
    "github_login": "wgordon17",
    "twitter_username": ""
  },
  {
    "name": "Bogdan Mateescu",
    "github_login": "mateesville93",
    "twitter_username": ""
  },
  {
    "name": "Fuzzwah",
    "github_login": "Fuzzwah",
    "twitter_username": ""
  },
  {
    "name": "Thibault J.",
    "github_login": "thibault",
    "twitter_username": "thibault"
  },
  {
    "name": "Pedro Campos",
    "github_login": "pcampos119104",
    "twitter_username": ""
  },
  {
    "name": "Vikas Yadav",
    "github_login": "vik-y",
    "twitter_username": ""
  },
  {
    "name": "Abdullah Adeel",
    "github_login": "mabdullahadeel",
    "twitter_username": "abdadeel_"
  },
  {
    "name": "Jorge Valdez",
    "github_login": "jorgeavaldez",
    "twitter_username": ""
  },
  {
    "name": "Ryan Fitch",
    "github_login": "ryfi",
    "twitter_username": ""
  },
  {
    "name": "ghazi-git",
    "github_login": "ghazi-git",
    "twitter_username": ""
  },
  {
    "name": "Cebrail Yılmaz",
    "github_login": "b1sar",
    "twitter_username": ""
  },
  {
    "name": "Artur Barseghyan",
    "github_login": "barseghyanartur",
    "twitter_username": ""
  },
  {
    "name": "innicoder",
    "github_login": "innicoder",
    "twitter_username": ""
  },
  {
    "name": "Naveen",
    "github_login": "naveensrinivasan",
    "twitter_username": "snaveen"
  },
  {
    "name": "Nikita Sobolev",
    "github_login": "sobolevn",
    "twitter_username": ""
  },
  {
    "name": "Sebastian Reyes Espinosa",
    "github_login": "sebastian-code",
    "twitter_username": "sebastianreyese"
  },
  {
    "name": "jugglinmike",
    "github_login": "jugglinmike",
    "twitter_username": ""
  },
  {
    "name": "monosans",
    "github_login": "monosans",
    "twitter_username": ""
  },
  {
    "name": "Marcio Mazza",
    "github_login": "marciomazza",
    "twitter_username": "marciomazza"
  },
  {
    "name": "Brandon Rumiser",
    "github_login": "brumiser1550",
    "twitter_username": ""
  },
  {
    "name": "krati yadav",
    "github_login": "krati5",
    "twitter_username": ""
  },
  {
    "name": "Abe Hanoka",
    "github_login": "abe-101",
    "twitter_username": "abe__101"
  },
  {
    "name": "Adin Hodovic",
    "github_login": "adinhodovic",
    "twitter_username": ""
  },
  {
    "name": "Leifur Halldor Asgeirsson",
    "github_login": "leifurhauks",
    "twitter_username": ""
  },
  {
    "name": "David",
    "github_login": "buckldav",
    "twitter_username": ""
  },
  {
    "name": "rguptar",
    "github_login": "rguptar",
    "twitter_username": ""
  },
  {
    "name": "Omer-5",
    "github_login": "Omer-5",
    "twitter_username": ""
  },
  {
    "name": "TAKAHASHI Shuuji",
    "github_login": "shuuji3",
    "twitter_username": ""
  },
  {
    "name": "Thomas Booij",
    "github_login": "ThomasBooij95",
    "twitter_username": ""
  },
  {
    "name": "Pamela Fox",
    "github_login": "pamelafox",
    "twitter_username": "pamelafox"
  },
  {
    "name": "Robin",
    "github_login": "Kaffeetasse",
    "twitter_username": ""
  }
]